National_Team,Squad_Number,Position,Recent_Form_Sharpness_Rating,Career_Caps,Career_Goals
USA,1,GK,8.0,106,3
USA,2,DF,7.26,110,7
USA,3,DF,6.33,106,1
USA,4,DF,7.82,78,2
USA,5,DF,7.49,103,7
USA,6,MF,8.04,25,4
USA,7,MF,6.45,111,5
USA,8,MF,6.39,67,3
USA,9,FW,6.01,79,25
USA,10,FW,7.28,92,30
USA,11,FW,8.04,45,31
USA,12,GK,6.19,18,5
USA,13,DF,6.8,65,2
USA,14,DF,6.98,119,7
USA,15,DF,7.43,104,2
USA,16,MF,6.03,76,6
USA,17,MF,7.18,92,3
USA,18,MF,6.21,12,1
USA,19,MF,6.92,87,3
USA,20,FW,7.04,74,47
USA,21,FW,7.91,50,38
USA,22,FW,7.59,39,43
USA,23,GK,7.15,9,5
USA,24,DF,8.04,57,4
USA,25,MF,7.97,93,3
USA,26,FW,7.26,65,39
Mexico,1,GK,6.19,51,6
Mexico,2,DF,6.09,90,3
Mexico,3,DF,6.82,43,4
Mexico,4,DF,7.74,85,6
Mexico,5,DF,6.59,29,0
Mexico,6,MF,6.62,112,0
Mexico,7,MF,6.03,48,0
Mexico,8,MF,6.83,12,7
Mexico,9,FW,6.03,11,27
Mexico,10,FW,7.49,118,20
Mexico,11,FW,7.27,38,36
Mexico,12,GK,7.37,109,6
Mexico,13,DF,7.79,31,6
Mexico,14,DF,6.2,15,1
Mexico,15,DF,7.4,122,6
Mexico,16,MF,7.24,40,2
Mexico,17,MF,7.18,89,2
Mexico,18,MF,8.04,102,4
Mexico,19,MF,7.52,6,0
Mexico,20,FW,7.04,122,17
Mexico,21,FW,6.9,12,18
Mexico,22,FW,6.42,45,16
Mexico,23,GK,7.0,99,6
Mexico,24,DF,7.91,99,3
Mexico,25,MF,6.86,26,6
Mexico,26,FW,6.48,46,32
Canada,1,GK,6.61,35,6
Canada,2,DF,7.95,89,3
Canada,3,DF,7.33,48,5
Canada,4,DF,7.69,9,3
Canada,5,DF,7.87,47,3
Canada,6,MF,7.7,78,7
Canada,7,MF,6.67,95,0
Canada,8,MF,6.48,100,0
Canada,9,FW,7.81,65,16
Canada,10,FW,7.07,106,9
Canada,11,FW,7.45,12,40
Canada,12,GK,6.51,109,3
Canada,13,DF,6.46,62,5
Canada,14,DF,6.85,91,0
Canada,15,DF,6.53,65,0
Canada,16,MF,7.46,15,5
Canada,17,MF,6.31,6,0
Canada,18,MF,6.56,59,0
Canada,19,MF,6.86,5,1
Canada,20,FW,6.72,90,40
Canada,21,FW,7.43,4,22
Canada,22,FW,6.94,56,47
Canada,23,GK,7.24,73,7
Canada,24,DF,6.78,58,2
Canada,25,MF,7.69,20,6
Canada,26,FW,7.33,72,37
Argentina,1,GK,8.05,14,6
Argentina,2,DF,8.45,100,0
Argentina,3,DF,7.97,73,7
Argentina,4,DF,9.05,23,3
Argentina,5,DF,8.77,22,1
Argentina,6,MF,9.0,22,3
Argentina,7,MF,9.07,55,0
Argentina,8,MF,9.32,42,1
Argentina,9,FW,9.15,14,31
Argentina,10,FW,8.82,53,26
Argentina,11,FW,8.29,45,38
Argentina,12,GK,9.57,19,1
Argentina,13,DF,8.34,119,3
Argentina,14,DF,9.54,4,7
Argentina,15,DF,9.4,72,4
Argentina,16,MF,8.37,122,0
Argentina,17,MF,9.34,22,7
Argentina,18,MF,8.59,23,7
Argentina,19,MF,9.35,36,7
Argentina,20,FW,9.24,116,11
Argentina,21,FW,8.89,107,23
Argentina,22,FW,9.03,115,28
Argentina,23,GK,8.17,96,1
Argentina,24,DF,9.08,85,1
Argentina,25,MF,8.28,83,4
Argentina,26,FW,8.3,36,7
France,1,GK,9.17,24,7
France,2,DF,9.13,11,6
France,3,DF,8.06,36,7
France,4,DF,8.35,118,5
France,5,DF,9.55,113,5
France,6,MF,9.42,112,2
France,7,MF,9.25,30,2
France,8,MF,8.88,33,0
France,9,FW,8.23,67,36
France,10,FW,8.38,64,51
France,11,FW,9.59,38,20
France,12,GK,8.38,33,4
France,13,DF,9.17,9,2
France,14,DF,8.46,40,7
France,15,DF,8.87,49,4
France,16,MF,8.03,63,0
France,17,MF,9.35,88,7
France,18,MF,8.53,70,7
France,19,MF,9.34,109,6
France,20,FW,8.02,70,43
France,21,FW,9.04,117,35
France,22,FW,8.33,26,5
France,23,GK,8.45,109,1
France,24,DF,8.13,107,0
France,25,MF,8.84,121,7
France,26,FW,9.28,45,29
Brazil,1,GK,9.45,28,7
Brazil,2,DF,8.97,10,0
Brazil,3,DF,8.02,23,0
Brazil,4,DF,7.99,113,7
Brazil,5,DF,7.95,118,6
Brazil,6,MF,8.65,101,1
Brazil,7,MF,8.46,66,5
Brazil,8,MF,9.57,61,6
Brazil,9,FW,8.33,25,25
Brazil,10,FW,8.42,45,9
Brazil,11,FW,8.79,110,40
Brazil,12,GK,8.27,56,3
Brazil,13,DF,8.05,8,6
Brazil,14,DF,8.8,112,7
Brazil,15,DF,8.98,50,2
Brazil,16,MF,9.56,55,7
Brazil,17,MF,7.97,109,5
Brazil,18,MF,8.64,123,6
Brazil,19,MF,8.33,61,6
Brazil,20,FW,8.63,93,26
Brazil,21,FW,8.19,15,4
Brazil,22,FW,8.33,4,50
Brazil,23,GK,8.21,121,7
Brazil,24,DF,8.99,112,4
Brazil,25,MF,9.02,64,6
Brazil,26,FW,9.14,72,25
England,1,GK,8.86,70,3
England,2,DF,8.1,54,4
England,3,DF,8.06,32,5
England,4,DF,8.43,50,0
England,5,DF,8.2,65,3
England,6,MF,9.2,19,1
England,7,MF,8.49,88,6
England,8,MF,8.58,97,4
England,9,FW,9.41,13,8
England,10,FW,7.93,55,34
England,11,FW,9.36,22,35
England,12,GK,8.18,72,4
England,13,DF,8.99,27,7
England,14,DF,8.9,116,3
England,15,DF,8.88,94,3
England,16,MF,8.99,53,2
England,17,MF,8.83,36,4
England,18,MF,8.56,104,3
England,19,MF,9.44,36,7
England,20,FW,8.02,47,32
England,21,FW,7.93,98,49
England,22,FW,8.47,118,38
England,23,GK,8.56,93,7
England,24,DF,8.48,77,1
England,25,MF,8.74,118,0
England,26,FW,9.49,61,48
Spain,1,GK,8.61,123,3
Spain,2,DF,8.2,124,3
Spain,3,DF,9.27,76,7
Spain,4,DF,8.6,52,2
Spain,5,DF,9.22,85,0
Spain,6,MF,9.48,27,6
Spain,7,MF,8.63,40,3
Spain,8,MF,9.18,16,6
Spain,9,FW,9.43,108,33
Spain,10,FW,9.3,65,23
Spain,11,FW,9.42,89,16
Spain,12,GK,7.92,52,3
Spain,13,DF,8.06,108,2
Spain,14,DF,9.52,74,3
Spain,15,DF,8.74,55,2
Spain,16,MF,8.06,19,4
Spain,17,MF,8.84,15,0
Spain,18,MF,9.51,88,3
Spain,19,MF,8.09,19,0
Spain,20,FW,9.56,56,45
Spain,21,FW,7.99,17,34
Spain,22,FW,8.83,38,26
Spain,23,GK,9.55,78,1
Spain,24,DF,9.32,12,1
Spain,25,MF,9.33,20,4
Spain,26,FW,8.28,49,16
Portugal,1,GK,9.42,12,1
Portugal,2,DF,8.77,69,4
Portugal,3,DF,8.89,41,2
Portugal,4,DF,9.4,112,0
Portugal,5,DF,9.44,20,6
Portugal,6,MF,9.81,48,3
Portugal,7,MF,9.81,22,4
Portugal,8,MF,9.73,77,1
Portugal,9,FW,8.59,48,16
Portugal,10,FW,8.1,61,23
Portugal,11,FW,9.17,64,44
Portugal,12,GK,8.3,6,4
Portugal,13,DF,8.71,124,6
Portugal,14,DF,8.8,28,7
Portugal,15,DF,9.26,120,5
Portugal,16,MF,8.85,48,7
Portugal,17,MF,7.97,50,4
Portugal,18,MF,9.46,88,2
Portugal,19,MF,9.08,39,2
Portugal,20,FW,8.18,60,21
Portugal,21,FW,8.4,52,17
Portugal,22,FW,9.43,4,6
Portugal,23,GK,8.38,60,2
Portugal,24,DF,9.41,99,7
Portugal,25,MF,8.95,79,7
Portugal,26,FW,9.0,11,31
Netherlands,1,GK,6.48,11,1
Netherlands,2,DF,6.76,31,3
Netherlands,3,DF,6.95,103,7
Netherlands,4,DF,6.59,66,0
Netherlands,5,DF,7.27,120,3
Netherlands,6,MF,6.28,115,4
Netherlands,7,MF,7.98,38,4
Netherlands,8,MF,7.22,118,7
Netherlands,9,FW,6.17,28,5
Netherlands,10,FW,6.35,33,48
Netherlands,11,FW,7.63,123,36
Netherlands,12,GK,8.07,21,7
Netherlands,13,DF,7.57,14,4
Netherlands,14,DF,7.74,92,5
Netherlands,15,DF,6.13,52,4
Netherlands,16,MF,6.28,108,2
Netherlands,17,MF,6.16,24,7
Netherlands,18,MF,7.12,95,0
Netherlands,19,MF,7.92,8,5
Netherlands,20,FW,7.52,26,40
Netherlands,21,FW,6.79,77,13
Netherlands,22,FW,6.43,88,17
Netherlands,23,GK,6.58,4,2
Netherlands,24,DF,7.84,7,5
Netherlands,25,MF,6.1,107,7
Netherlands,26,FW,6.05,98,11
Belgium,1,GK,7.62,37,5
Belgium,2,DF,7.71,53,3
Belgium,3,DF,6.19,111,4
Belgium,4,DF,6.28,60,0
Belgium,5,DF,7.59,50,6
Belgium,6,MF,7.48,88,5
Belgium,7,MF,6.29,54,6
Belgium,8,MF,7.28,101,5
Belgium,9,FW,7.17,85,33
Belgium,10,FW,6.73,54,37
Belgium,11,FW,7.65,41,36
Belgium,12,GK,7.1,33,6
Belgium,13,DF,7.67,84,4
Belgium,14,DF,7.77,13,7
Belgium,15,DF,6.14,20,3
Belgium,16,MF,7.3,72,1
Belgium,17,MF,6.44,69,4
Belgium,18,MF,6.72,46,7
Belgium,19,MF,6.97,114,0
Belgium,20,FW,6.84,83,34
Belgium,21,FW,6.38,19,11
Belgium,22,FW,7.88,7,28
Belgium,23,GK,7.4,70,2
Belgium,24,DF,6.4,53,4
Belgium,25,MF,6.35,22,4
Belgium,26,FW,6.37,95,45
Croatia,1,GK,6.25,24,5
Croatia,2,DF,6.43,108,3
Croatia,3,DF,7.06,37,0
Croatia,4,DF,6.08,48,2
Croatia,5,DF,7.32,124,6
Croatia,6,MF,7.83,114,7
Croatia,7,MF,6.13,66,7
Croatia,8,MF,7.69,29,3
Croatia,9,FW,6.39,116,38
Croatia,10,FW,6.78,82,50
Croatia,11,FW,7.3,89,17
Croatia,12,GK,6.97,90,5
Croatia,13,DF,6.08,112,1
Croatia,14,DF,7.5,59,2
Croatia,15,DF,7.07,114,6
Croatia,16,MF,6.23,114,3
Croatia,17,MF,6.83,41,2
Croatia,18,MF,7.55,67,0
Croatia,19,MF,7.18,31,1
Croatia,20,FW,6.19,20,42
Croatia,21,FW,7.87,47,28
Croatia,22,FW,7.43,87,28
Croatia,23,GK,7.05,70,0
Croatia,24,DF,7.13,114,3
Croatia,25,MF,7.57,37,6
Croatia,26,FW,6.27,116,47
Uruguay,1,GK,6.76,44,4
Uruguay,2,DF,7.2,29,7
Uruguay,3,DF,8.07,59,2
Uruguay,4,DF,6.5,104,0
Uruguay,5,DF,6.32,25,4
Uruguay,6,MF,6.34,122,7
Uruguay,7,MF,6.6,78,5
Uruguay,8,MF,7.88,98,7
Uruguay,9,FW,7.1,122,6
Uruguay,10,FW,8.06,43,40
Uruguay,11,FW,6.84,98,9
Uruguay,12,GK,7.82,95,2
Uruguay,13,DF,6.54,9,5
Uruguay,14,DF,7.4,123,5
Uruguay,15,DF,7.17,60,1
Uruguay,16,MF,6.59,11,1
Uruguay,17,MF,6.39,47,4
Uruguay,18,MF,6.89,121,3
Uruguay,19,MF,6.51,100,3
Uruguay,20,FW,7.28,50,4
Uruguay,21,FW,7.22,67,41
Uruguay,22,FW,6.67,14,39
Uruguay,23,GK,6.78,6,0
Uruguay,24,DF,7.15,123,1
Uruguay,25,MF,6.42,13,3
Uruguay,26,FW,6.18,43,5
Germany,1,GK,6.01,66,4
Germany,2,DF,6.99,12,2
Germany,3,DF,7.67,41,6
Germany,4,DF,7.79,98,0
Germany,5,DF,6.86,63,3
Germany,6,MF,8.08,120,7
Germany,7,MF,6.8,37,3
Germany,8,MF,7.52,4,7
Germany,9,FW,6.29,63,32
Germany,10,FW,6.42,108,40
Germany,11,FW,6.34,33,38
Germany,12,GK,7.4,8,2
Germany,13,DF,6.75,29,5
Germany,14,DF,6.82,112,1
Germany,15,DF,6.92,43,7
Germany,16,MF,6.97,17,7
Germany,17,MF,7.57,41,0
Germany,18,MF,6.49,18,0
Germany,19,MF,6.81,100,6
Germany,20,FW,6.48,81,43
Germany,21,FW,7.97,42,9
Germany,22,FW,7.46,10,11
Germany,23,GK,7.85,119,6
Germany,24,DF,7.56,36,3
Germany,25,MF,8.1,30,3
Germany,26,FW,7.48,60,36
Morocco,1,GK,6.3,30,6
Morocco,2,DF,7.5,71,5
Morocco,3,DF,7.58,8,2
Morocco,4,DF,7.13,121,5
Morocco,5,DF,6.96,50,3
Morocco,6,MF,7.05,55,7
Morocco,7,MF,7.02,11,4
Morocco,8,MF,7.62,71,3
Morocco,9,FW,7.26,30,34
Morocco,10,FW,7.5,39,39
Morocco,11,FW,7.74,30,8
Morocco,12,GK,7.23,77,7
Morocco,13,DF,6.97,75,6
Morocco,14,DF,6.32,49,2
Morocco,15,DF,7.06,16,7
Morocco,16,MF,6.04,92,0
Morocco,17,MF,7.96,63,2
Morocco,18,MF,7.46,103,7
Morocco,19,MF,7.49,123,4
Morocco,20,FW,6.79,109,31
Morocco,21,FW,6.22,12,32
Morocco,22,FW,7.91,44,25
Morocco,23,GK,6.5,4,5
Morocco,24,DF,6.39,93,5
Morocco,25,MF,6.7,90,0
Morocco,26,FW,7.28,57,43
Japan,1,GK,7.56,50,0
Japan,2,DF,7.65,77,3
Japan,3,DF,6.24,29,0
Japan,4,DF,7.81,119,0
Japan,5,DF,6.98,41,1
Japan,6,MF,7.93,94,1
Japan,7,MF,6.95,46,2
Japan,8,MF,6.37,54,5
Japan,9,FW,6.07,74,9
Japan,10,FW,7.22,36,32
Japan,11,FW,6.03,25,29
Japan,12,GK,6.37,88,0
Japan,13,DF,6.31,87,0
Japan,14,DF,6.18,121,5
Japan,15,DF,7.05,64,7
Japan,16,MF,6.14,4,7
Japan,17,MF,6.44,90,2
Japan,18,MF,6.43,86,5
Japan,19,MF,6.08,32,0
Japan,20,FW,7.19,33,19
Japan,21,FW,7.63,21,4
Japan,22,FW,7.12,50,5
Japan,23,GK,7.04,116,1
Japan,24,DF,6.22,54,6
Japan,25,MF,6.16,11,4
Japan,26,FW,6.57,6,35
Senegal,1,GK,7.11,86,5
Senegal,2,DF,8.06,100,6
Senegal,3,DF,7.82,35,1
Senegal,4,DF,7.16,11,0
Senegal,5,DF,6.41,70,7
Senegal,6,MF,6.71,75,5
Senegal,7,MF,7.86,104,2
Senegal,8,MF,7.51,95,6
Senegal,9,FW,8.08,38,35
Senegal,10,FW,7.74,35,49
Senegal,11,FW,6.3,71,40
Senegal,12,GK,6.68,17,6
Senegal,13,DF,7.33,85,6
Senegal,14,DF,7.78,36,6
Senegal,15,DF,7.84,115,4
Senegal,16,MF,7.48,32,3
Senegal,17,MF,7.31,4,6
Senegal,18,MF,7.73,14,1
Senegal,19,MF,6.07,70,6
Senegal,20,FW,6.72,23,8
Senegal,21,FW,6.92,97,12
Senegal,22,FW,7.99,47,38
Senegal,23,GK,6.29,89,3
Senegal,24,DF,7.02,77,5
Senegal,25,MF,7.68,113,6
Senegal,26,FW,6.56,84,20
Colombia,1,GK,7.33,43,1
Colombia,2,DF,6.29,106,0
Colombia,3,DF,8.07,110,5
Colombia,4,DF,6.36,61,4
Colombia,5,DF,6.04,90,4
Colombia,6,MF,6.25,21,7
Colombia,7,MF,6.58,103,0
Colombia,8,MF,7.37,20,4
Colombia,9,FW,6.22,79,26
Colombia,10,FW,6.55,89,24
Colombia,11,FW,7.54,34,9
Colombia,12,GK,7.33,101,3
Colombia,13,DF,7.2,56,6
Colombia,14,DF,6.85,20,1
Colombia,15,DF,6.89,65,1
Colombia,16,MF,8.01,5,3
Colombia,17,MF,6.19,68,2
Colombia,18,MF,6.14,118,1
Colombia,19,MF,6.92,14,7
Colombia,20,FW,7.28,39,42
Colombia,21,FW,6.83,57,37
Colombia,22,FW,7.54,27,25
Colombia,23,GK,6.07,36,1
Colombia,24,DF,7.25,23,2
Colombia,25,MF,7.04,110,0
Colombia,26,FW,6.7,112,46
South Korea,1,GK,6.22,29,1
South Korea,2,DF,7.53,76,7
South Korea,3,DF,7.45,92,4
South Korea,4,DF,6.52,45,0
South Korea,5,DF,7.68,6,1
South Korea,6,MF,6.57,47,2
South Korea,7,MF,6.76,101,3
South Korea,8,MF,7.93,47,2
South Korea,9,FW,8.0,64,20
South Korea,10,FW,6.18,58,50
South Korea,11,FW,7.59,83,27
South Korea,12,GK,7.59,98,4
South Korea,13,DF,7.34,104,5
South Korea,14,DF,7.9,75,0
South Korea,15,DF,7.46,15,6
South Korea,16,MF,7.41,108,4
South Korea,17,MF,7.24,35,1
South Korea,18,MF,7.17,20,6
South Korea,19,MF,6.66,89,1
South Korea,20,FW,6.62,82,10
South Korea,21,FW,8.04,51,11
South Korea,22,FW,7.0,90,32
South Korea,23,GK,7.77,97,3
South Korea,24,DF,7.74,21,2
South Korea,25,MF,7.25,20,5
South Korea,26,FW,6.25,102,47
Iran,1,GK,7.46,101,2
Iran,2,DF,7.52,43,1
Iran,3,DF,6.66,111,6
Iran,4,DF,7.66,116,3
Iran,5,DF,7.31,28,4
Iran,6,MF,7.29,19,4
Iran,7,MF,6.97,69,6
Iran,8,MF,6.0,37,5
Iran,9,FW,6.81,16,16
Iran,10,FW,6.15,99,38
Iran,11,FW,7.61,49,32
Iran,12,GK,7.01,96,5
Iran,13,DF,7.83,60,7
Iran,14,DF,7.61,114,0
Iran,15,DF,6.88,28,6
Iran,16,MF,6.5,8,0
Iran,17,MF,6.74,6,4
Iran,18,MF,6.62,33,1
Iran,19,MF,6.09,65,4
Iran,20,FW,6.09,68,49
Iran,21,FW,6.26,18,27
Iran,22,FW,7.65,62,40
Iran,23,GK,6.88,46,3
Iran,24,DF,7.98,59,6
Iran,25,MF,7.29,14,5
Iran,26,FW,8.08,28,10
Australia,1,GK,7.98,62,7
Australia,2,DF,7.28,66,5
Australia,3,DF,6.48,112,5
Australia,4,DF,6.46,101,0
Australia,5,DF,7.64,116,1
Australia,6,MF,6.12,9,4
Australia,7,MF,7.86,50,6
Australia,8,MF,8.09,102,3
Australia,9,FW,7.08,64,45
Australia,10,FW,6.32,85,20
Australia,11,FW,6.47,35,38
Australia,12,GK,7.13,123,4
Australia,13,DF,7.22,76,3
Australia,14,DF,7.84,101,2
Australia,15,DF,6.27,70,2
Australia,16,MF,8.01,12,2
Australia,17,MF,7.7,79,1
Australia,18,MF,7.16,43,0
Australia,19,MF,6.86,62,1
Australia,20,FW,6.55,82,41
Australia,21,FW,7.04,8,51
Australia,22,FW,6.46,73,40
Australia,23,GK,6.16,80,3
Australia,24,DF,7.04,84,1
Australia,25,MF,7.24,99,5
Australia,26,FW,6.73,61,6
Saudi Arabia,1,GK,7.19,101,7
Saudi Arabia,2,DF,7.85,112,0
Saudi Arabia,3,DF,7.38,22,7
Saudi Arabia,4,DF,7.82,100,2
Saudi Arabia,5,DF,7.76,44,4
Saudi Arabia,6,MF,7.43,92,4
Saudi Arabia,7,MF,7.58,66,2
Saudi Arabia,8,MF,7.85,10,4
Saudi Arabia,9,FW,7.73,61,34
Saudi Arabia,10,FW,6.7,13,35
Saudi Arabia,11,FW,6.34,33,42
Saudi Arabia,12,GK,7.75,103,1
Saudi Arabia,13,DF,6.01,96,3
Saudi Arabia,14,DF,7.3,99,4
Saudi Arabia,15,DF,7.33,116,0
Saudi Arabia,16,MF,7.33,98,1
Saudi Arabia,17,MF,7.64,91,4
Saudi Arabia,18,MF,7.6,73,2
Saudi Arabia,19,MF,8.02,77,0
Saudi Arabia,20,FW,7.33,66,31
Saudi Arabia,21,FW,6.22,97,40
Saudi Arabia,22,FW,7.44,71,23
Saudi Arabia,23,GK,6.63,117,3
Saudi Arabia,24,DF,6.14,20,3
Saudi Arabia,25,MF,6.73,13,5
Saudi Arabia,26,FW,7.83,93,21
Qatar,1,GK,8.03,67,6
Qatar,2,DF,6.27,39,2
Qatar,3,DF,6.14,79,6
Qatar,4,DF,6.78,36,5
Qatar,5,DF,6.53,35,2
Qatar,6,MF,6.33,90,1
Qatar,7,MF,7.98,101,4
Qatar,8,MF,7.79,102,4
Qatar,9,FW,7.46,18,32
Qatar,10,FW,6.17,119,35
Qatar,11,FW,7.37,81,23
Qatar,12,GK,8.0,30,2
Qatar,13,DF,6.91,111,7
Qatar,14,DF,6.88,24,6
Qatar,15,DF,6.83,62,3
Qatar,16,MF,8.07,60,4
Qatar,17,MF,7.88,4,1
Qatar,18,MF,6.45,18,1
Qatar,19,MF,7.37,67,0
Qatar,20,FW,7.82,15,21
Qatar,21,FW,8.03,83,30
Qatar,22,FW,7.82,49,28
Qatar,23,GK,7.62,56,7
Qatar,24,DF,7.6,49,1
Qatar,25,MF,6.28,6,4
Qatar,26,FW,7.93,56,27
Iraq,1,GK,7.67,6,3
Iraq,2,DF,6.25,28,5
Iraq,3,DF,7.44,20,5
Iraq,4,DF,6.42,103,0
Iraq,5,DF,6.13,124,3
Iraq,6,MF,6.56,121,4
Iraq,7,MF,6.65,91,7
Iraq,8,MF,6.02,80,0
Iraq,9,FW,6.82,21,33
Iraq,10,FW,7.26,113,50
Iraq,11,FW,7.46,35,14
Iraq,12,GK,7.64,36,3
Iraq,13,DF,7.01,11,2
Iraq,14,DF,6.51,91,0
Iraq,15,DF,6.3,124,5
Iraq,16,MF,7.3,83,5
Iraq,17,MF,7.18,23,0
Iraq,18,MF,6.69,35,1
Iraq,19,MF,6.18,5,0
Iraq,20,FW,6.07,80,33
Iraq,21,FW,6.83,119,29
Iraq,22,FW,7.19,69,41
Iraq,23,GK,7.68,49,1
Iraq,24,DF,6.35,101,1
Iraq,25,MF,7.34,52,7
Iraq,26,FW,7.25,70,9
Uzbekistan,1,GK,7.29,76,6
Uzbekistan,2,DF,7.96,44,1
Uzbekistan,3,DF,7.31,75,1
Uzbekistan,4,DF,7.29,87,5
Uzbekistan,5,DF,7.88,10,2
Uzbekistan,6,MF,7.72,7,5
Uzbekistan,7,MF,7.35,29,6
Uzbekistan,8,MF,7.54,44,3
Uzbekistan,9,FW,6.13,78,21
Uzbekistan,10,FW,6.34,90,15
Uzbekistan,11,FW,8.05,48,22
Uzbekistan,12,GK,6.38,103,4
Uzbekistan,13,DF,7.38,122,4
Uzbekistan,14,DF,7.17,54,3
Uzbekistan,15,DF,6.48,21,2
Uzbekistan,16,MF,8.05,99,7
Uzbekistan,17,MF,6.42,6,3
Uzbekistan,18,MF,6.15,38,4
Uzbekistan,19,MF,6.54,66,6
Uzbekistan,20,FW,8.02,79,33
Uzbekistan,21,FW,6.89,61,27
Uzbekistan,22,FW,6.78,7,31
Uzbekistan,23,GK,6.08,23,3
Uzbekistan,24,DF,7.22,52,2
Uzbekistan,25,MF,7.52,39,1
Uzbekistan,26,FW,7.26,103,5
Ecuador,1,GK,7.38,39,5
Ecuador,2,DF,6.6,118,2
Ecuador,3,DF,7.31,15,2
Ecuador,4,DF,7.54,43,4
Ecuador,5,DF,7.5,102,1
Ecuador,6,MF,6.38,115,5
Ecuador,7,MF,8.04,47,5
Ecuador,8,MF,7.79,122,4
Ecuador,9,FW,6.52,112,44
Ecuador,10,FW,7.25,63,50
Ecuador,11,FW,7.39,106,28
Ecuador,12,GK,7.37,106,5
Ecuador,13,DF,6.84,92,0
Ecuador,14,DF,6.02,38,4
Ecuador,15,DF,7.26,68,7
Ecuador,16,MF,6.5,39,4
Ecuador,17,MF,7.86,34,2
Ecuador,18,MF,6.69,121,5
Ecuador,19,MF,7.41,96,1
Ecuador,20,FW,6.94,108,4
Ecuador,21,FW,7.99,11,46
Ecuador,22,FW,6.8,60,23
Ecuador,23,GK,6.75,110,4
Ecuador,24,DF,7.64,79,4
Ecuador,25,MF,6.94,123,3
Ecuador,26,FW,7.17,114,18
Peru,1,GK,6.57,64,3
Peru,2,DF,7.12,5,0
Peru,3,DF,6.08,23,1
Peru,4,DF,6.95,122,2
Peru,5,DF,6.66,120,2
Peru,6,MF,6.09,116,2
Peru,7,MF,8.07,109,3
Peru,8,MF,6.01,91,2
Peru,9,FW,7.34,101,28
Peru,10,FW,6.95,60,42
Peru,11,FW,7.03,114,46
Peru,12,GK,6.29,47,5
Peru,13,DF,7.48,48,3
Peru,14,DF,7.41,109,3
Peru,15,DF,6.2,117,4
Peru,16,MF,6.93,11,4
Peru,17,MF,6.37,8,6
Peru,18,MF,7.76,37,0
Peru,19,MF,7.43,93,2
Peru,20,FW,7.3,117,21
Peru,21,FW,7.2,11,50
Peru,22,FW,7.95,79,30
Peru,23,GK,7.42,49,3
Peru,24,DF,7.38,22,6
Peru,25,MF,7.37,56,7
Peru,26,FW,6.33,93,31
Paraguay,1,GK,6.67,67,5
Paraguay,2,DF,8.09,36,0
Paraguay,3,DF,6.19,16,0
Paraguay,4,DF,6.23,34,0
Paraguay,5,DF,7.61,101,4
Paraguay,6,MF,6.92,7,5
Paraguay,7,MF,7.84,101,1
Paraguay,8,MF,7.82,26,2
Paraguay,9,FW,6.62,4,27
Paraguay,10,FW,6.69,74,28
Paraguay,11,FW,7.28,68,15
Paraguay,12,GK,6.8,18,4
Paraguay,13,DF,7.25,96,0
Paraguay,14,DF,6.93,99,0
Paraguay,15,DF,7.23,105,1
Paraguay,16,MF,7.35,75,5
Paraguay,17,MF,7.05,69,5
Paraguay,18,MF,8.0,88,1
Paraguay,19,MF,7.92,69,5
Paraguay,20,FW,6.23,96,29
Paraguay,21,FW,7.11,8,37
Paraguay,22,FW,7.0,82,47
Paraguay,23,GK,7.15,46,7
Paraguay,24,DF,7.5,49,1
Paraguay,25,MF,7.73,46,4
Paraguay,26,FW,7.36,110,19
Venezuela,1,GK,7.37,18,0
Venezuela,2,DF,6.41,54,6
Venezuela,3,DF,6.41,16,5
Venezuela,4,DF,7.3,81,4
Venezuela,5,DF,7.41,120,3
Venezuela,6,MF,7.12,32,6
Venezuela,7,MF,6.19,11,7
Venezuela,8,MF,6.84,33,1
Venezuela,9,FW,7.73,80,7
Venezuela,10,FW,6.26,97,14
Venezuela,11,FW,7.68,111,13
Venezuela,12,GK,6.62,34,6
Venezuela,13,DF,6.39,116,1
Venezuela,14,DF,6.89,59,3
Venezuela,15,DF,7.71,121,6
Venezuela,16,MF,7.11,47,7
Venezuela,17,MF,6.01,50,2
Venezuela,18,MF,7.08,25,5
Venezuela,19,MF,7.67,95,0
Venezuela,20,FW,6.37,18,13
Venezuela,21,FW,7.89,124,45
Venezuela,22,FW,6.54,83,29
Venezuela,23,GK,7.54,71,1
Venezuela,24,DF,7.41,103,3
Venezuela,25,MF,7.61,92,1
Venezuela,26,FW,6.89,77,36
Cabo Verde,1,GK,6.49,72,6
Cabo Verde,2,DF,6.99,111,1
Cabo Verde,3,DF,6.37,24,0
Cabo Verde,4,DF,6.48,40,6
Cabo Verde,5,DF,7.34,74,7
Cabo Verde,6,MF,7.33,76,5
Cabo Verde,7,MF,6.3,60,5
Cabo Verde,8,MF,7.25,67,2
Cabo Verde,9,FW,6.93,21,6
Cabo Verde,10,FW,7.45,42,44
Cabo Verde,11,FW,6.27,106,27
Cabo Verde,12,GK,7.52,22,3
Cabo Verde,13,DF,6.58,45,7
Cabo Verde,14,DF,6.18,113,3
Cabo Verde,15,DF,6.4,100,3
Cabo Verde,16,MF,6.48,11,0
Cabo Verde,17,MF,6.15,44,6
Cabo Verde,18,MF,6.14,52,3
Cabo Verde,19,MF,6.49,8,3
Cabo Verde,20,FW,7.85,24,11
Cabo Verde,21,FW,7.12,53,6
Cabo Verde,22,FW,6.4,61,6
Cabo Verde,23,GK,6.79,5,6
Cabo Verde,24,DF,8.09,105,0
Cabo Verde,25,MF,6.7,90,5
Cabo Verde,26,FW,6.19,25,47
Egypt,1,GK,7.33,72,4
Egypt,2,DF,6.36,50,0
Egypt,3,DF,6.89,109,5
Egypt,4,DF,6.0,58,7
Egypt,5,DF,8.06,19,3
Egypt,6,MF,6.8,6,7
Egypt,7,MF,8.05,26,3
Egypt,8,MF,7.55,121,4
Egypt,9,FW,6.51,123,47
Egypt,10,FW,6.2,33,24
Egypt,11,FW,7.65,25,21
Egypt,12,GK,7.28,35,0
Egypt,13,DF,6.33,79,5
Egypt,14,DF,6.64,17,3
Egypt,15,DF,6.76,117,4
Egypt,16,MF,7.97,88,1
Egypt,17,MF,6.64,76,0
Egypt,18,MF,6.94,55,5
Egypt,19,MF,7.08,71,1
Egypt,20,FW,7.04,38,25
Egypt,21,FW,6.82,89,40
Egypt,22,FW,6.83,15,50
Egypt,23,GK,7.32,41,1
Egypt,24,DF,7.12,33,7
Egypt,25,MF,6.3,81,5
Egypt,26,FW,6.17,10,17
Nigeria,1,GK,6.36,24,2
Nigeria,2,DF,6.73,5,2
Nigeria,3,DF,7.35,23,1
Nigeria,4,DF,6.28,28,1
Nigeria,5,DF,7.94,57,0
Nigeria,6,MF,7.27,17,0
Nigeria,7,MF,6.37,57,5
Nigeria,8,MF,6.84,6,2
Nigeria,9,FW,6.77,28,16
Nigeria,10,FW,6.05,11,24
Nigeria,11,FW,8.02,28,18
Nigeria,12,GK,8.03,63,3
Nigeria,13,DF,6.65,99,3
Nigeria,14,DF,6.92,81,3
Nigeria,15,DF,7.35,63,6
Nigeria,16,MF,7.3,96,2
Nigeria,17,MF,6.32,63,6
Nigeria,18,MF,7.64,118,4
Nigeria,19,MF,6.12,13,0
Nigeria,20,FW,7.46,14,34
Nigeria,21,FW,6.5,76,26
Nigeria,22,FW,6.25,102,24
Nigeria,23,GK,6.21,65,5
Nigeria,24,DF,6.13,83,7
Nigeria,25,MF,8.09,7,3
Nigeria,26,FW,7.29,20,40
Tunisia,1,GK,7.31,55,4
Tunisia,2,DF,7.52,41,6
Tunisia,3,DF,6.85,104,3
Tunisia,4,DF,7.1,102,6
Tunisia,5,DF,6.37,89,5
Tunisia,6,MF,6.02,89,4
Tunisia,7,MF,7.01,5,5
Tunisia,8,MF,6.55,121,5
Tunisia,9,FW,6.29,13,26
Tunisia,10,FW,6.45,42,8
Tunisia,11,FW,6.51,88,29
Tunisia,12,GK,7.68,88,4
Tunisia,13,DF,7.02,48,7
Tunisia,14,DF,7.15,102,0
Tunisia,15,DF,7.77,66,4
Tunisia,16,MF,7.03,58,4
Tunisia,17,MF,6.68,71,1
Tunisia,18,MF,7.7,85,7
Tunisia,19,MF,7.81,96,3
Tunisia,20,FW,8.01,45,24
Tunisia,21,FW,6.21,116,44
Tunisia,22,FW,7.98,123,12
Tunisia,23,GK,6.16,5,3
Tunisia,24,DF,7.95,100,1
Tunisia,25,MF,6.97,63,7
Tunisia,26,FW,6.81,78,37
Algeria,1,GK,6.48,89,7
Algeria,2,DF,6.95,20,3
Algeria,3,DF,6.22,48,2
Algeria,4,DF,6.93,47,0
Algeria,5,DF,6.08,11,4
Algeria,6,MF,7.38,90,2
Algeria,7,MF,6.22,54,7
Algeria,8,MF,7.07,20,4
Algeria,9,FW,6.62,107,34
Algeria,10,FW,7.98,14,18
Algeria,11,FW,6.75,118,31
Algeria,12,GK,7.15,61,4
Algeria,13,DF,6.14,121,7
Algeria,14,DF,6.17,13,5
Algeria,15,DF,7.89,115,3
Algeria,16,MF,6.48,11,7
Algeria,17,MF,7.4,76,1
Algeria,18,MF,6.54,70,0
Algeria,19,MF,6.15,71,5
Algeria,20,FW,7.68,92,13
Algeria,21,FW,8.06,15,30
Algeria,22,FW,7.22,121,16
Algeria,23,GK,7.7,98,7
Algeria,24,DF,6.09,101,2
Algeria,25,MF,7.26,20,7
Algeria,26,FW,6.79,76,28
Ghana,1,GK,6.82,81,3
Ghana,2,DF,6.57,117,5
Ghana,3,DF,7.42,87,4
Ghana,4,DF,6.03,54,5
Ghana,5,DF,7.41,24,2
Ghana,6,MF,7.85,97,6
Ghana,7,MF,7.14,15,0
Ghana,8,MF,6.46,24,4
Ghana,9,FW,7.53,11,49
Ghana,10,FW,7.38,10,26
Ghana,11,FW,7.58,78,25
Ghana,12,GK,7.13,92,5
Ghana,13,DF,6.23,16,1
Ghana,14,DF,6.19,88,6
Ghana,15,DF,7.03,53,6
Ghana,16,MF,6.72,26,7
Ghana,17,MF,7.59,25,2
Ghana,18,MF,7.29,100,7
Ghana,19,MF,6.32,121,2
Ghana,20,FW,7.21,33,42
Ghana,21,FW,6.34,28,40
Ghana,22,FW,7.7,109,19
Ghana,23,GK,7.85,111,4
Ghana,24,DF,6.41,7,7
Ghana,25,MF,7.38,67,1
Ghana,26,FW,7.56,92,13
Mali,1,GK,7.29,49,6
Mali,2,DF,6.79,69,0
Mali,3,DF,7.1,12,3
Mali,4,DF,7.76,109,1
Mali,5,DF,6.02,15,0
Mali,6,MF,7.59,124,1
Mali,7,MF,7.59,23,2
Mali,8,MF,6.99,98,6
Mali,9,FW,6.26,86,40
Mali,10,FW,7.52,114,7
Mali,11,FW,6.29,27,38
Mali,12,GK,6.0,105,4
Mali,13,DF,6.06,106,4
Mali,14,DF,6.38,49,3
Mali,15,DF,6.84,48,3
Mali,16,MF,7.07,74,3
Mali,17,MF,6.22,6,7
Mali,18,MF,7.48,61,6
Mali,19,MF,7.02,123,5
Mali,20,FW,7.26,33,21
Mali,21,FW,7.05,63,22
Mali,22,FW,6.12,113,22
Mali,23,GK,7.65,112,3
Mali,24,DF,7.66,105,4
Mali,25,MF,6.92,67,2
Mali,26,FW,6.69,103,33
South Africa,1,GK,6.19,58,0
South Africa,2,DF,7.26,119,0
South Africa,3,DF,7.54,50,2
South Africa,4,DF,6.36,121,4
South Africa,5,DF,7.04,73,3
South Africa,6,MF,7.44,50,2
South Africa,7,MF,7.57,50,5
South Africa,8,MF,8.0,106,0
South Africa,9,FW,6.7,72,13
South Africa,10,FW,6.05,80,46
South Africa,11,FW,7.47,121,48
South Africa,12,GK,7.98,112,2
South Africa,13,DF,6.9,45,2
South Africa,14,DF,7.77,118,4
South Africa,15,DF,7.69,40,3
South Africa,16,MF,7.01,77,7
South Africa,17,MF,6.17,73,1
South Africa,18,MF,7.04,106,6
South Africa,19,MF,7.53,4,7
South Africa,20,FW,6.33,73,44
South Africa,21,FW,6.28,63,47
South Africa,22,FW,7.38,34,23
South Africa,23,GK,6.14,39,4
South Africa,24,DF,6.59,111,1
South Africa,25,MF,6.52,95,6
South Africa,26,FW,6.52,95,17
New Zealand,1,GK,7.59,83,7
New Zealand,2,DF,7.63,109,0
New Zealand,3,DF,7.02,47,0
New Zealand,4,DF,6.13,59,2
New Zealand,5,DF,6.73,110,0
New Zealand,6,MF,7.62,53,0
New Zealand,7,MF,6.5,73,6
New Zealand,8,MF,7.15,35,7
New Zealand,9,FW,7.85,91,18
New Zealand,10,FW,7.74,24,45
New Zealand,11,FW,7.53,123,17
New Zealand,12,GK,6.54,61,4
New Zealand,13,DF,6.42,6,6
New Zealand,14,DF,6.97,91,0
New Zealand,15,DF,7.28,92,4
New Zealand,16,MF,6.24,124,4
New Zealand,17,MF,6.47,53,4
New Zealand,18,MF,7.79,109,0
New Zealand,19,MF,7.1,122,0
New Zealand,20,FW,6.85,64,37
New Zealand,21,FW,7.66,46,44
New Zealand,22,FW,7.29,52,20
New Zealand,23,GK,7.78,113,5
New Zealand,24,DF,6.3,77,4
New Zealand,25,MF,6.45,25,7
New Zealand,26,FW,7.81,77,37
Panama,1,GK,7.57,54,4
Panama,2,DF,7.65,79,7
Panama,3,DF,6.75,41,3
Panama,4,DF,7.67,102,7
Panama,5,DF,6.71,52,7
Panama,6,MF,7.14,24,3
Panama,7,MF,7.58,71,5
Panama,8,MF,6.27,18,7
Panama,9,FW,6.34,82,25
Panama,10,FW,7.99,17,30
Panama,11,FW,7.62,43,31
Panama,12,GK,6.14,66,1
Panama,13,DF,6.59,6,7
Panama,14,DF,7.68,45,3
Panama,15,DF,6.95,42,3
Panama,16,MF,7.63,53,2
Panama,17,MF,6.43,54,2
Panama,18,MF,6.6,77,7
Panama,19,MF,7.21,95,0
Panama,20,FW,7.68,88,11
Panama,21,FW,7.92,50,18
Panama,22,FW,6.33,107,21
Panama,23,GK,7.67,87,5
Panama,24,DF,7.8,10,7
Panama,25,MF,6.58,6,2
Panama,26,FW,6.3,43,41
Costa Rica,1,GK,6.39,4,6
Costa Rica,2,DF,7.37,104,7
Costa Rica,3,DF,6.92,110,4
Costa Rica,4,DF,6.18,73,5
Costa Rica,5,DF,7.69,35,0
Costa Rica,6,MF,8.03,49,6
Costa Rica,7,MF,8.07,66,4
Costa Rica,8,MF,7.33,24,5
Costa Rica,9,FW,7.85,7,31
Costa Rica,10,FW,7.44,98,30
Costa Rica,11,FW,6.06,6,36
Costa Rica,12,GK,6.44,23,1
Costa Rica,13,DF,6.39,8,2
Costa Rica,14,DF,7.72,96,0
Costa Rica,15,DF,7.49,53,5
Costa Rica,16,MF,6.99,47,0
Costa Rica,17,MF,6.96,50,3
Costa Rica,18,MF,7.04,88,7
Costa Rica,19,MF,6.7,6,3
Costa Rica,20,FW,7.5,93,51
Costa Rica,21,FW,6.21,123,29
Costa Rica,22,FW,6.3,88,38
Costa Rica,23,GK,6.95,44,2
Costa Rica,24,DF,7.37,61,2
Costa Rica,25,MF,6.74,51,7
Costa Rica,26,FW,6.99,72,47
Jamaica,1,GK,7.33,18,2
Jamaica,2,DF,7.42,87,4
Jamaica,3,DF,7.44,69,2
Jamaica,4,DF,6.37,31,6
Jamaica,5,DF,6.48,76,3
Jamaica,6,MF,6.59,75,6
Jamaica,7,MF,7.46,66,2
Jamaica,8,MF,6.64,28,6
Jamaica,9,FW,6.07,66,24
Jamaica,10,FW,7.59,120,49
Jamaica,11,FW,6.49,103,15
Jamaica,12,GK,6.12,12,2
Jamaica,13,DF,7.37,82,1
Jamaica,14,DF,6.0,9,2
Jamaica,15,DF,6.82,62,2
Jamaica,16,MF,6.48,49,5
Jamaica,17,MF,6.27,120,7
Jamaica,18,MF,7.68,22,5
Jamaica,19,MF,6.09,87,0
Jamaica,20,FW,7.93,91,17
Jamaica,21,FW,7.8,90,25
Jamaica,22,FW,7.91,86,49
Jamaica,23,GK,7.69,45,2
Jamaica,24,DF,8.02,87,4
Jamaica,25,MF,6.64,66,0
Jamaica,26,FW,7.83,122,22
Honduras,1,GK,7.48,17,7
Honduras,2,DF,6.2,64,3
Honduras,3,DF,6.03,33,0
Honduras,4,DF,6.63,123,3
Honduras,5,DF,6.62,78,4
Honduras,6,MF,7.56,62,5
Honduras,7,MF,7.9,71,2
Honduras,8,MF,7.4,11,1
Honduras,9,FW,7.87,113,25
Honduras,10,FW,6.5,58,19
Honduras,11,FW,6.07,116,51
Honduras,12,GK,8.09,38,2
Honduras,13,DF,7.1,53,4
Honduras,14,DF,7.75,72,7
Honduras,15,DF,6.24,70,3
Honduras,16,MF,6.07,76,4
Honduras,17,MF,6.14,38,0
Honduras,18,MF,6.05,99,0
Honduras,19,MF,6.17,90,6
Honduras,20,FW,6.98,57,15
Honduras,21,FW,6.72,18,44
Honduras,22,FW,6.36,55,32
Honduras,23,GK,6.94,24,2
Honduras,24,DF,7.34,124,4
Honduras,25,MF,6.28,58,6
Honduras,26,FW,7.65,7,25
Switzerland,1,GK,6.55,70,5
Switzerland,2,DF,6.99,91,1
Switzerland,3,DF,6.56,108,0
Switzerland,4,DF,7.87,41,5
Switzerland,5,DF,6.08,85,0
Switzerland,6,MF,7.91,9,1
Switzerland,7,MF,6.99,86,3
Switzerland,8,MF,6.99,60,4
Switzerland,9,FW,6.99,102,43
Switzerland,10,FW,7.0,51,48
Switzerland,11,FW,7.13,52,16
Switzerland,12,GK,6.1,52,5
Switzerland,13,DF,7.77,11,2
Switzerland,14,DF,6.97,100,1
Switzerland,15,DF,6.46,120,0
Switzerland,16,MF,6.09,109,2
Switzerland,17,MF,7.72,108,0
Switzerland,18,MF,7.72,52,0
Switzerland,19,MF,7.85,24,2
Switzerland,20,FW,6.06,58,44
Switzerland,21,FW,6.09,67,14
Switzerland,22,FW,7.95,14,16
Switzerland,23,GK,6.82,48,0
Switzerland,24,DF,7.85,22,3
Switzerland,25,MF,6.54,64,4
Switzerland,26,FW,6.62,64,51
Denmark,1,GK,8.0,93,6
Denmark,2,DF,7.81,72,7
Denmark,3,DF,7.51,49,6
Denmark,4,DF,6.09,50,6
Denmark,5,DF,6.54,87,1
Denmark,6,MF,7.68,71,5
Denmark,7,MF,6.19,39,1
Denmark,8,MF,7.15,114,3
Denmark,9,FW,6.85,116,36
Denmark,10,FW,7.57,118,18
Denmark,11,FW,7.43,5,32
Denmark,12,GK,7.25,69,2
Denmark,13,DF,7.34,13,5
Denmark,14,DF,7.29,121,0
Denmark,15,DF,7.52,31,2
Denmark,16,MF,7.9,30,4
Denmark,17,MF,7.12,41,2
Denmark,18,MF,6.02,43,1
Denmark,19,MF,6.94,15,2
Denmark,20,FW,6.84,58,48
Denmark,21,FW,7.7,104,24
Denmark,22,FW,7.53,98,28
Denmark,23,GK,7.78,124,5
Denmark,24,DF,6.9,57,2
Denmark,25,MF,6.58,102,4
Denmark,26,FW,7.66,56,41
Austria,1,GK,7.68,63,3
Austria,2,DF,7.8,70,2
Austria,3,DF,6.91,82,0
Austria,4,DF,7.22,107,2
Austria,5,DF,7.48,60,5
Austria,6,MF,6.79,36,7
Austria,7,MF,6.9,59,3
Austria,8,MF,7.87,71,4
Austria,9,FW,6.32,68,50
Austria,10,FW,7.36,32,13
Austria,11,FW,6.72,95,38
Austria,12,GK,6.86,98,2
Austria,13,DF,7.42,52,0
Austria,14,DF,6.77,72,7
Austria,15,DF,8.07,119,7
Austria,16,MF,7.45,68,6
Austria,17,MF,7.02,112,1
Austria,18,MF,7.06,123,7
Austria,19,MF,6.81,78,4
Austria,20,FW,6.07,30,49
Austria,21,FW,6.34,67,30
Austria,22,FW,7.59,53,9
Austria,23,GK,6.61,18,4
Austria,24,DF,6.24,104,1
Austria,25,MF,6.66,45,3
Austria,26,FW,7.27,90,9
Ukraine,1,GK,6.19,76,0
Ukraine,2,DF,6.32,62,6
Ukraine,3,DF,8.04,20,4
Ukraine,4,DF,8.06,25,3
Ukraine,5,DF,7.12,108,0
Ukraine,6,MF,6.52,112,5
Ukraine,7,MF,6.75,90,2
Ukraine,8,MF,7.49,101,7
Ukraine,9,FW,6.72,116,24
Ukraine,10,FW,8.03,111,24
Ukraine,11,FW,6.73,106,7
Ukraine,12,GK,6.29,95,6
Ukraine,13,DF,7.32,102,4
Ukraine,14,DF,6.84,14,3
Ukraine,15,DF,7.85,20,2
Ukraine,16,MF,7.2,107,5
Ukraine,17,MF,7.53,22,4
Ukraine,18,MF,7.79,11,3
Ukraine,19,MF,7.9,104,3
Ukraine,20,FW,7.91,67,30
Ukraine,21,FW,6.96,14,48
Ukraine,22,FW,7.57,121,24
Ukraine,23,GK,6.12,106,3
Ukraine,24,DF,6.98,59,3
Ukraine,25,MF,6.31,15,5
Ukraine,26,FW,8.06,22,29
Poland,1,GK,7.81,111,3
Poland,2,DF,7.03,58,1
Poland,3,DF,7.18,78,0
Poland,4,DF,7.27,26,6
Poland,5,DF,6.76,67,0
Poland,6,MF,7.88,84,2
Poland,7,MF,6.93,94,1
Poland,8,MF,7.24,50,6
Poland,9,FW,7.0,10,48
Poland,10,FW,7.79,76,11
Poland,11,FW,7.78,84,20
Poland,12,GK,6.13,99,7
Poland,13,DF,6.94,41,2
Poland,14,DF,7.32,16,6
Poland,15,DF,6.04,34,6
Poland,16,MF,7.44,99,5
Poland,17,MF,7.45,46,2
Poland,18,MF,6.63,45,7
Poland,19,MF,7.69,83,3
Poland,20,FW,6.44,27,38
Poland,21,FW,6.02,60,33
Poland,22,FW,8.09,22,11
Poland,23,GK,6.0,107,6
Poland,24,DF,6.72,70,0
Poland,25,MF,6.14,40,0
Poland,26,FW,7.97,16,43
Ivory Coast,1,GK,7.7,63,7
Ivory Coast,2,DF,7.47,4,3
Ivory Coast,3,DF,6.84,66,7
Ivory Coast,4,DF,6.59,37,5
Ivory Coast,5,DF,6.05,7,5
Ivory Coast,6,MF,7.15,78,2
Ivory Coast,7,MF,7.21,17,3
Ivory Coast,8,MF,6.01,99,1
Ivory Coast,9,FW,6.63,86,41
Ivory Coast,10,FW,7.05,43,20
Ivory Coast,11,FW,7.0,109,19
Ivory Coast,12,GK,7.49,69,1
Ivory Coast,13,DF,6.44,59,6
Ivory Coast,14,DF,6.84,37,6
Ivory Coast,15,DF,6.32,90,5
Ivory Coast,16,MF,6.05,58,2
Ivory Coast,17,MF,7.77,106,4
Ivory Coast,18,MF,6.46,20,0
Ivory Coast,19,MF,6.45,16,4
Ivory Coast,20,FW,6.26,22,28
Ivory Coast,21,FW,7.82,84,26
Ivory Coast,22,FW,7.73,77,13
Ivory Coast,23,GK,7.34,57,3
Ivory Coast,24,DF,6.97,117,5
Ivory Coast,25,MF,6.64,113,3
Ivory Coast,26,FW,7.18,82,25
